{
    "id": {
        "type": "string"
    },
    "type_check": {
        "type": "string",
        "default": "ung_dung"
    },
    "all": {
        "type": "number",
        "default": 1
    },
    "xss": {
        "type": "number",
        "default": 0
    },
    "sql": {
        "type": "number",
        "default": 0
    },
    "total_row_data": {
        "type": "string",
        "default": "0"
    },
    "view_json":{
        "type":"string"
    },
    "traversal":{
        "type": "number",
        "default": 0
    }
}