{
    "deleted_by": {
        "type": "string"
    },
    "email": {
        "type": "string",
        "length": null
    },
    "deleted": {
        "type": "boolean"
    },
    "google_id": {
        "type": "string",
        "length": null
    },
    "created_at": {
        "type": ""
    },
    "salt": {
        "type": "string",
        "length": null
    },
    "_id": {
        "length": null,
        "type": "string",
        "primary": true
    },
    "birthday": {
        "type": ""
    },
    "updated_by": {
        "type": "string"
    },
    "phone_country_prefix": {
        "type": "string",
        "length": 10
    },
    "address": {
        "type": "string",
        "length": null
    },
    "created_by": {
        "type": "string"
    },
    "description": {
        "type": "string",
        "length": null
    },
    "id": {
        "type": "string"
    },
    "full_name": {
        "type": "string",
        "length": null
    },
    "updated_at": {
        "type": ""
    },
    "profile_image_url": {
        "type": "string",
        "length": null
    },
    "facebook_id": {
        "type": "string",
        "length": null
    },
    "ponumber_name": {
        "required": true,
        "type": "string",
        "length": 20
    },
    "phone": {
        "type": "string",
        "length": 20
    },
    "phone_national_number": {
        "type": "string",
        "length": 15
    },
    "user_name": {
        "type": "string",
        "length": 30
    },
    "active": {
        "type": "boolean",
        "default": true
    },
    "gender": {
        "type": "string",
        "length": 20
    },
    "password": {
        "type": "string",
        "length": null
    },
    "confirm_password":{
        "type": "string",
        "length": null
    },
    "deleted_at": {
        "type": ""
    },
    "roles": {
        "type": "list"
    }
}