,HOST,TIME,REQUEST,STATUS,SIZE,DETECT
41,192.168.38.1,[17/Apr/2019:20:59:08 +0700],GET /vulnerabilities/xss_r/?name=%3Cscript%3Ealert%28document.cookie%29%3C%2Fscript%3E&user_token=82398c4f105531bba85ad2e9070bb8b0 HTTP/1.1,200,4518,TAN_CONG_XSS
161,192.168.38.1,[07/Apr/2019:21:33:01 +0700],GET /vulnerabilities/xss_r/?name=%3Cscript%3Ealert%28document.cookie%29%3C%2Fscript%3E HTTP/1.1,200,4400,TAN_CONG_XSS
166,192.168.38.1,[07/Apr/2019:21:34:08 +0700],GET /vulnerabilities/xss_r/?name=%3Cscript%3Ealert%28%22XSS%22%29%3C%2Fscript%3E HTTP/1.1,200,4390,TAN_CONG_XSS
186,192.168.38.1,[17/Apr/2019:20:59:08 +0700],GET /vulnerabilities/xss_r/?name=%3Cscript%3Ealert%28document.cookie%29%3C%2Fscript%3E&user_token=82398c4f105531bba85ad2e9070bb8b0 HTTP/1.1,200,4518,TAN_CONG_XSS
215,192.168.38.138,[02/May/2019:10:40:35 +0700],GET /vulnerabilities/xss_r/?name=%3Cscript%3Ealert%28%22hello%29%3C%2Fscript%3E HTTP/1.1,200,4485,TAN_CONG_XSS
232,192.168.38.1,[01/Jun/2019:12:17:14 +0700],GET /vulnerabilities/xss_r/?name=%3Cscript%3Ealert%28%22xss%22%29%3C%2Fscript%3E&user_token=164bcf4945b060191df5bc68ab2a3d2e HTTP/1.1,200,4518,TAN_CONG_XSS
